state,students,black,boys,with_disabilities,instances,per_1000_enrolled,section_504
TX,5359,714,4472,1186,8507,,608
AL,4352,1156,3607,816,5333,,38
MS,2653,1525,2083,22,3163,,3
AR,2596,593,2066,470,3666,,166
GA,1127,486,910,259,1680,,55
MO,1002,127,857,161,1229,,9
OK,991,141,791,89,1184,,1
TN,616,96,521,98,752,,6
FL,467,69,388,131,717,,31
NJ,380,286,220,89,1655,,18
AZ,202,40,139,38,260,,6
LA,65,24,56,1,81,,0
NY,14,5,10,10,14,,0
WA,12,0,12,12,12,,0
MI,5,4,4,1,5,,0
MN,4,0,4,1,4,,0
CA,3,0,1,0,3,,0
SC,2,0,2,0,2,,0
IN,1,0,1,1,1,,0
