rank,state,nces_id,district,students
1,TX,4817610,DUMAS ISD,560
2,AL,0101830,Jackson County,386
3,NJ,3414550,Salem City School District,380
4,AL,0100930,Covington County,265
5,MS,2803900,SCOTT CO SCHOOL DIST,259
6,AL,0102790,Pike County,252
7,AL,0100510,Butler County,248
8,TX,4831760,MOUNT PLEASANT ISD,239
9,GA,1301890,Laurens County,231
10,MS,2800200,CHICKASAW CO SCHOOL DIST,192
11,MS,2804050,SOUTH PANOLA SCHOOL DISTRICT,192
12,AL,0100810,Coffee County,184
13,TX,4810200,BIG SPRING ISD,180
14,AL,0102480,Morgan County,175
15,AL,0100540,Calhoun County,173
16,TX,4827780,LIVINGSTON ISD,161
17,AL,0100006,Marshall County,157
18,AL,0101140,DeKalb County,156
19,AL,0102310,Marion County,155
20,AL,0101050,Dale County,146
21,MS,2804590,WEST JASPER CONSOLIDATED SCHOOLS,145
22,MO,2913380,GREENVILLE R-II,141
23,AL,0101320,Enterprise City,138
24,AR,0506870,GREEN FOREST SCHOOL DISTRICT,136
25,TN,4702670,Marshall County,132
26,AZ,0400863,The Paideia Academies Inc (91250),131
27,TX,4845180,WEST SABINE ISD,125
28,AL,0101950,Lamar County,124
29,TN,4704080,Tipton County,123
30,MS,2802700,LOUISVILLE MUNICIPAL SCHOOL DIST,116
31,AL,0101660,Geneva County,113
32,TX,4834980,PINE TREE ISD,108
33,GA,1303750,Montgomery County,106
34,TX,4839750,SEMINOLE ISD,104
35,TX,4833690,ONALASKA ISD,99
36,AL,0100420,Blount County,92
37,AR,0512540,SOUTHSIDE SCHOOL DISTRICT,92
38,MS,2801320,DESOTO CO SCHOOL DIST,92
39,AR,0502730,BARTON SCHOOL DISTRICT,90
40,AR,0514140,WHITE HALL SCHOOL DISTRICT,90
41,AL,0101770,Houston County,87
42,AL,0102010,Lauderdale County,86
43,MS,2803520,PEARL PUBLIC SCHOOL DISTRICT,84
44,AL,0103450,Walker County,82
45,TX,4845090,WEST ORANGE-COVE CISD,82
46,AR,0500032,BEARDEN SCHOOL DISTRICT,80
47,MS,2802850,MARSHALL CO SCHOOL DIST,80
48,AL,0101470,Fayette County,79
49,AR,0511820,PRESCOTT SCHOOL DISTRICT,78
50,AR,0510200,MOUNTAIN VIEW SCHOOL DISTRICT,77
51,AL,0102650,Pell City,76
52,TX,4813650,CHAPEL HILL ISD,76
53,AL,0103120,Sylacauga City,75
54,AR,0503150,BERRYVILLE SCHOOL DISTRICT,75
55,OK,4000751,DEBORAH BROWN (CHARTER),75
56,MS,2802880,MCCOMB SCHOOL DISTRICT,74
57,AL,0103480,Washington County,73
58,MS,2803240,NORTH PIKE SCHOOL DIST,73
59,TX,4841970,SWEENY ISD,73
60,AZ,0400282,Harvest Power Community Development Group Inc. (79501),71
61,TX,4828710,MADISONVILLE CISD,70
62,GA,1303000,Jeff Davis County,69
63,TX,4808280,ANDREWS ISD,68
64,MS,2802550,LEE COUNTY SCHOOL DISTRICT,67
65,TX,4819440,FLOYDADA ISD,67
66,TX,4825620,KILGORE ISD,66
67,TX,4813410,CENTERVILLE ISD,65
68,TX,4800184,GATEWAY CHARTER ACADEMY,64
69,AL,0100780,Cleburne County,63
70,FL,1200900,HOLMES,63
71,FL,1201830,SUWANNEE,63
72,MS,2804110,SOUTH TIPPAH SCHOOL DIST,62
73,MO,2919890,MALDEN R-I,62
74,AL,0101640,Geneva City,61
75,MS,2800820,BOONEVILLE SCHOOL DIST,61
76,TX,4822890,HEMPHILL ISD,61
77,TX,4827750,LITTLEFIELD ISD,61
78,AL,0102520,Muscle Shoals City,58
79,AR,0500065,LAFAYETTE COUNTY SCHOOL DISTRICT,57
80,FL,1200210,CALHOUN,56
81,MO,2927870,SENATH-HORNERSVILLE C-8,56
82,AR,0500030,NEVADA SCHOOL DISTRICT,55
83,TX,4834650,PERRYTON ISD,55
84,AR,0504380,CLARKSVILLE SCHOOL DISTRICT,54
85,MO,2900003,PORTAGEVILLE,54
86,TX,4844410,WALL ISD,54
87,AR,0504800,CROSSETT SCHOOL DISTRICT,53
88,TX,4846440,WOODVILLE ISD,53
89,AR,0508040,WEST MEMPHIS SCHOOL DISTRICT,52
90,GA,1301260,Clinch County,52
91,MS,2803120,NEW ALBANY PUBLIC SCHOOLS,52
92,MO,2928530,SOUTH PEMISCOT CO. R-V,52
93,OK,4016720,KREBS,52
94,TX,4824630,JASPER ISD,52
95,MS,2804080,SOUTH PIKE SCHOOL DIST,51
96,AR,0512630,SPRING HILL SCHOOL DISTRICT,50
97,MO,2908670,CHARLESTON R-I,50
98,AR,0500045,RIVERCREST SCHOOL DISTRICT,48
99,MS,2801220,COPIAH CO SCHOOL DIST,48
100,TX,4808880,ATLANTA ISD,48
101,TX,4820400,GARRISON ISD,48
102,TX,4846170,WINK-LOVING ISD,47
103,TX,4846200,WINNSBORO ISD,47
104,AL,0100960,Crenshaw County,46
105,FL,1200360,COLUMBIA,46
106,MO,2907050,CAMPBELL R-II,46
107,TX,4837260,RIVER ROAD ISD,46
108,AL,0100030,Alexander City,45
109,AR,0513380,VALLEY VIEW SCHOOL DISTRICT,45
110,MS,2800870,CALHOUN CO SCHOOL DIST,45
111,AR,0506060,CAMDEN FAIRVIEW SCHOOL DIST.,44
112,MS,2803750,PRENTISS CO SCHOOL DIST,44
113,AL,0102820,Randolph County,43
114,AR,0507990,HOXIE SCHOOL DISTRICT,43
115,FL,1202010,WASHINGTON,43
116,MS,2802940,MONROE CO SCHOOL DIST,43
117,MS,2804020,SMITH CO SCHOOL DIST,43
118,TX,4818720,EUSTACE ISD,43
119,AL,0100660,Chilton County,42
120,AL,0103210,Tallapoosa County,42
121,TX,4837380,ROBERT LEE ISD,42
122,AL,0101560,Fort Payne City,41
123,MS,2800198,GREENWOOD-LEFLORE CONS SCH DISTRICT,41
124,MO,2914460,HOLCOMB R-III,41
125,TX,4822320,HAMSHIRE-FANNETT ISD,41
126,TX,4831970,MUNDAY CISD,41
127,AR,0500001,DEWITT SCHOOL DISTRICT,40
128,AR,0503960,CARLISLE SCHOOL DISTRICT,40
129,FL,1201950,WAKULLA,40
130,GA,1304220,Pulaski County,40
131,MS,2804260,TISHOMINGO CO SP MUN SCH DIST,40
132,TX,4821900,GROVETON ISD,40
133,AL,0102850,Roanoke City,39
134,AR,0502670,AUGUSTA SCHOOL DISTRICT,39
135,AR,0513080,GREENE COUNTY TECH SCHOOL DIST.,39
136,GA,1300238,State Charter Schools- Georgia School for Innovation and th,39
137,MO,2916500,KENNETT 39,38
138,TX,4842810,TIDEHAVEN ISD,38
139,AL,0100720,Clarke County,37
140,AL,0100870,Conecuh County,37
141,AL,0103580,Winston County,37
142,GA,1300218,State Charter Schools II- Pataula Charter Academy,37
143,MS,2800390,ALCORN SCHOOL DIST,37
144,MS,2800990,CHOCTAW CO SCHOOL DIST,37
145,OK,4015370,IDABEL,37
146,TX,4823490,HOOKS ISD,37
147,TX,4829160,MARSHALL ISD,37
148,TX,4814130,CITY VIEW ISD,36
149,AL,0100360,Bibb County,35
150,AR,0500029,GOSNELL SCHOOL DISTRICT,35
151,AR,0503090,BERGMAN SCHOOL DISTRICT,35
152,GA,1304140,Pierce County,35
153,MS,2801290,COVINGTON COUNTY SCHOOL DISTRICT,35
154,OK,4016350,KEOTA,35
155,TX,4834050,PALESTINE ISD,35
156,TX,4834290,PARIS ISD,35
157,AR,0500068,EMERSON-TAYLOR SCHOOL DISTRICT,34
158,MS,2800420,AMITE COUNTY SCHOOL DISTRICT,34
159,OK,4027960,SOPER,34
160,TX,4833660,OLTON ISD,34
161,TX,4843200,TRINITY ISD,34
162,AL,0100090,Anniston City,33
163,AL,0100900,Coosa County,33
164,AL,0101710,Hale County,33
165,AL,0102160,Lowndes County,33
166,FL,1201020,LAFAYETTE,33
167,GA,1301870,Dublin City,33
168,TX,4842300,TEAGUE ISD,33
169,GA,1300480,Brantley County,32
170,MS,2802520,LEAKE CO SCHOOL DIST,32
171,MS,2803150,NEWTON COUNTY SCHOOL DISTRICT,32
172,MO,2903060,ALTON R-IV,32
173,MO,2904950,BERNIE R-XIII,32
174,MO,2910920,DONIPHAN R-I,32
175,MO,2929810,SUMMERSVILLE R-II,32
176,TX,4809690,BECKVILLE ISD,32
177,TX,4821540,GRANDVIEW ISD,32
178,GA,1300440,Bleckley County,31
179,MS,2800510,ATTALA CO SCHOOL DIST,31
180,TN,4704440,Wayne County,31
181,TX,4810470,BLOOMING GROVE ISD,31
182,TX,4824810,JOAQUIN ISD,31
183,TX,4827180,LEON ISD,31
184,AL,0101590,Franklin County,30
185,AR,0500048,EAST POINSETT CO. SCHOOL DIST.,30
186,AR,0504110,GENOA CENTRAL SCHOOL DISTRICT,30
187,GA,1302040,Emanuel County,30
188,MS,2801140,COFFEEVILLE SCHOOL DIST,30
189,OK,4000772,SANKOFA MIDDLE SCHL (CHARTER),30
190,OK,4008250,COLCORD,30
191,OK,4030870,VALLIANT,30
192,AL,0102635,Oxford City,29
193,MS,2801770,HARRISON CO SCHOOL DIST,29
194,MS,2804710,WILKINSON CO SCHOOL DIST,29
195,MO,2911100,EAST CARTER CO. R-II,29
196,OK,4005520,BROKEN BOW,29
197,OK,4012300,FORT TOWSON,29
198,TN,4702430,Lewis County,29
199,TN,4703360,Paris,29
200,TX,4841580,PLEMONS-STINNETT-PHILLIPS CISD,29
